filename,features
IMG2.jpeg,[0.0500233  0.03638186 0.09906625 ... 0.20390029 0.20469606 0.20469606]
IMG3.jpg,[0.08252266 0.06085388 0.15537084 ... 0.31476113 0.18521325 0.04481721]
IMG5.jpg,[0.03622556 0.02933425 0.08416692 ... 0.0334866  0.07343546 0.21099834]
